[
  {
    "id": "6a768fc2-ce4c-48aa-99e4-e6b99bcda71e",
    "data": [
      {
        "text": "sintomas durante gravidez",
        "userDefined": false
      }
    ],
    "isTemplate": false,
    "count": 0,
    "lang": "pt-br",
    "updated": 0
  },
  {
    "id": "ee6cd701-262d-41d3-9310-4cb62eaeb23b",
    "data": [
      {
        "text": "sintomas na gravidez",
        "userDefined": false
      }
    ],
    "isTemplate": false,
    "count": 0,
    "lang": "pt-br",
    "updated": 0
  },
  {
    "id": "03f3416b-1120-40b1-bace-e6b131f1a973",
    "data": [
      {
        "text": "sintomas durante a gestação",
        "userDefined": false
      }
    ],
    "isTemplate": false,
    "count": 0,
    "lang": "pt-br",
    "updated": 0
  },
  {
    "id": "0b154bd3-ed2d-4a53-a204-3266c3e0dab4",
    "data": [
      {
        "text": "sintomas",
        "userDefined": false
      }
    ],
    "isTemplate": false,
    "count": 0,
    "lang": "pt-br",
    "updated": 0
  },
  {
    "id": "39175c43-e8c6-43be-a1f3-1d56800f8c6c",
    "data": [
      {
        "text": "opção ",
        "userDefined": false
      },
      {
        "text": "dois",
        "userDefined": false
      }
    ],
    "isTemplate": false,
    "count": 0,
    "lang": "pt-br",
    "updated": 0
  },
  {
    "id": "487e78bb-6ae3-40a6-a98a-3055ece12ea2",
    "data": [
      {
        "text": "segunda",
        "userDefined": false
      },
      {
        "text": " opcao",
        "userDefined": false
      }
    ],
    "isTemplate": false,
    "count": 0,
    "lang": "pt-br",
    "updated": 0
  },
  {
    "id": "637e9fba-d5d7-4ba5-99ae-1fa1f175bc66",
    "data": [
      {
        "text": "letra b",
        "userDefined": false
      }
    ],
    "isTemplate": false,
    "count": 0,
    "lang": "pt-br",
    "updated": 0
  },
  {
    "id": "4d1656a6-43b0-4974-adc0-61f477f79eef",
    "data": [
      {
        "text": "B",
        "userDefined": false
      }
    ],
    "isTemplate": false,
    "count": 0,
    "lang": "pt-br",
    "updated": 0
  }
]