[
  {
    "id": "fb4f0aad-784b-4495-869c-db9f64224212",
    "data": [
      {
        "text": "sintomas durante gravidez",
        "userDefined": false
      }
    ],
    "isTemplate": false,
    "count": 0,
    "lang": "pt-br",
    "updated": 0
  },
  {
    "id": "e64a4acc-74f6-408c-ade1-3b61ba934f3b",
    "data": [
      {
        "text": "sintomas na gravidez",
        "userDefined": false
      }
    ],
    "isTemplate": false,
    "count": 0,
    "lang": "pt-br",
    "updated": 0
  },
  {
    "id": "99903ab6-785b-48e8-98a2-5aecdd239ff2",
    "data": [
      {
        "text": "opção ",
        "userDefined": false
      },
      {
        "text": "dois",
        "userDefined": false
      }
    ],
    "isTemplate": false,
    "count": 0,
    "lang": "pt-br",
    "updated": 0
  },
  {
    "id": "86a668b6-2f4e-4421-807b-9de4b700c2c2",
    "data": [
      {
        "text": "sintomas gestacao",
        "userDefined": false
      }
    ],
    "isTemplate": false,
    "count": 0,
    "lang": "pt-br",
    "updated": 0
  },
  {
    "id": "11c7146c-b531-4cec-b9f9-7981954adc6b",
    "data": [
      {
        "text": "sintomas durante a gestacao",
        "userDefined": false
      }
    ],
    "isTemplate": false,
    "count": 0,
    "lang": "pt-br",
    "updated": 0
  },
  {
    "id": "688b619b-a80d-4aaa-a9c6-7aeb3655edb1",
    "data": [
      {
        "text": "segunda",
        "userDefined": false
      },
      {
        "text": " opcao",
        "userDefined": false
      }
    ],
    "isTemplate": false,
    "count": 0,
    "lang": "pt-br",
    "updated": 0
  },
  {
    "id": "ed701b2b-3f6d-4088-805f-b743aae7abda",
    "data": [
      {
        "text": "letra b",
        "userDefined": false
      }
    ],
    "isTemplate": false,
    "count": 0,
    "lang": "pt-br",
    "updated": 0
  },
  {
    "id": "9ce71b9a-682a-4d05-8a27-7b2b23223f36",
    "data": [
      {
        "text": "B",
        "userDefined": false
      }
    ],
    "isTemplate": false,
    "count": 0,
    "lang": "pt-br",
    "updated": 0
  }
]