[
  {
    "id": "dfa3c61b-d1f1-4fb5-9956-7764590aeec2",
    "data": [
      {
        "text": "oie",
        "userDefined": false
      }
    ],
    "isTemplate": false,
    "count": 0,
    "lang": "pt-br",
    "updated": 0
  },
  {
    "id": "4da55b4b-5237-4f88-832f-4b2ba70ee27f",
    "data": [
      {
        "text": "eaee",
        "userDefined": false
      }
    ],
    "isTemplate": false,
    "count": 0,
    "lang": "pt-br",
    "updated": 0
  },
  {
    "id": "f10b7dc2-bd24-4739-9004-c9a398003407",
    "data": [
      {
        "text": "boa ",
        "userDefined": false
      },
      {
        "text": "noite",
        "userDefined": false
      }
    ],
    "isTemplate": false,
    "count": 0,
    "lang": "pt-br",
    "updated": 0
  },
  {
    "id": "395adaca-69d1-4f21-a058-5ae9e28b33e4",
    "data": [
      {
        "text": "BOa ",
        "userDefined": false
      },
      {
        "text": "tarde",
        "userDefined": false
      }
    ],
    "isTemplate": false,
    "count": 0,
    "lang": "pt-br",
    "updated": 0
  },
  {
    "id": "a173bb35-49f6-4680-aa80-cfe99d533b63",
    "data": [
      {
        "text": "Bom dia",
        "userDefined": false
      }
    ],
    "isTemplate": false,
    "count": 0,
    "lang": "pt-br",
    "updated": 0
  },
  {
    "id": "a236cc6f-3151-40b2-aba7-702f401cf102",
    "data": [
      {
        "text": "há quanto tempo",
        "userDefined": false
      }
    ],
    "isTemplate": false,
    "count": 0,
    "lang": "pt-br",
    "updated": 0
  },
  {
    "id": "16e619ae-dd87-4247-b4c5-ebe6f6f3bcc0",
    "data": [
      {
        "text": "olá",
        "userDefined": false
      }
    ],
    "isTemplate": false,
    "count": 0,
    "lang": "pt-br",
    "updated": 0
  },
  {
    "id": "fe700904-d728-4f77-aca2-e30e38607c8b",
    "data": [
      {
        "text": "oi",
        "userDefined": false
      }
    ],
    "isTemplate": false,
    "count": 0,
    "lang": "pt-br",
    "updated": 0
  },
  {
    "id": "bf5035b4-a203-413e-8765-58dc37c9539e",
    "data": [
      {
        "text": "opa",
        "userDefined": false
      }
    ],
    "isTemplate": false,
    "count": 0,
    "lang": "pt-br",
    "updated": 0
  },
  {
    "id": "a56d5c0b-2cd4-4c85-a2e2-7d06dd3709cd",
    "data": [
      {
        "text": "fala aí",
        "userDefined": false
      }
    ],
    "isTemplate": false,
    "count": 0,
    "lang": "pt-br",
    "updated": 0
  },
  {
    "id": "05f1d355-90de-4734-9d0b-b5a1f5fddcde",
    "data": [
      {
        "text": "fala",
        "userDefined": false
      }
    ],
    "isTemplate": false,
    "count": 0,
    "lang": "pt-br",
    "updated": 0
  },
  {
    "id": "d825661c-5a6d-4d02-88b6-90fd4c246d8a",
    "data": [
      {
        "text": "saudações",
        "userDefined": false
      }
    ],
    "isTemplate": false,
    "count": 0,
    "lang": "pt-br",
    "updated": 0
  },
  {
    "id": "cd5a1db7-5779-48d6-9ef2-b4e4ca2fc24e",
    "data": [
      {
        "text": "oi tudo bem",
        "userDefined": false
      }
    ],
    "isTemplate": false,
    "count": 0,
    "lang": "pt-br",
    "updated": 0
  },
  {
    "id": "a9937c47-a5a4-4b0d-9fd8-e83b548583d3",
    "data": [
      {
        "text": "e aí",
        "userDefined": false
      }
    ],
    "isTemplate": false,
    "count": 0,
    "lang": "pt-br",
    "updated": 0
  },
  {
    "id": "bf8325a7-aea6-4741-a501-615256c2ea41",
    "data": [
      {
        "text": "eae",
        "userDefined": false
      }
    ],
    "isTemplate": false,
    "count": 0,
    "lang": "pt-br",
    "updated": 0
  },
  {
    "id": "6d1af7f9-98cc-48db-b376-5f017a68950e",
    "data": [
      {
        "text": "ola",
        "userDefined": false
      }
    ],
    "isTemplate": false,
    "count": 2,
    "lang": "pt-br",
    "updated": 0
  }
]