[
  {
    "id": "b3e2969f-1853-485c-8feb-71bd068c3cf6",
    "data": [
      {
        "text": "já nasceu",
        "userDefined": false
      }
    ],
    "isTemplate": false,
    "count": 0,
    "lang": "pt-br",
    "updated": 0
  },
  {
    "id": "74cfea8e-4587-4b63-a327-e5ba980b3416",
    "data": [
      {
        "text": "bb",
        "userDefined": false
      },
      {
        "text": " nasceu",
        "userDefined": false
      }
    ],
    "isTemplate": false,
    "count": 0,
    "lang": "pt-br",
    "updated": 0
  },
  {
    "id": "88ff10af-0068-4814-b660-951b4f3c9c44",
    "data": [
      {
        "text": "bebe já nasceu",
        "userDefined": false
      }
    ],
    "isTemplate": false,
    "count": 0,
    "lang": "pt-br",
    "updated": 0
  },
  {
    "id": "589487cc-c083-4252-8e1f-38b27ca642f4",
    "data": [
      {
        "text": "mamãe",
        "userDefined": false
      }
    ],
    "isTemplate": false,
    "count": 0,
    "lang": "pt-br",
    "updated": 0
  },
  {
    "id": "e0ef1b84-3390-4627-a85f-33df4cced7b0",
    "data": [
      {
        "text": "já sou ",
        "userDefined": false
      },
      {
        "text": "mae",
        "userDefined": false
      }
    ],
    "isTemplate": false,
    "count": 0,
    "lang": "pt-br",
    "updated": 0
  },
  {
    "id": "6e9e16ff-8b63-4b06-a5d8-2b1107aae4d9",
    "data": [
      {
        "text": "Letra A",
        "userDefined": false
      }
    ],
    "isTemplate": false,
    "count": 0,
    "lang": "pt-br",
    "updated": 0
  },
  {
    "id": "ef53e2d8-bbd6-4cc3-9912-4fbde5b23f3e",
    "data": [
      {
        "text": "a",
        "userDefined": false
      }
    ],
    "isTemplate": false,
    "count": 1,
    "lang": "pt-br",
    "updated": 0
  },
  {
    "id": "23e8410a-fae0-455e-8f79-89f313d1b109",
    "data": [
      {
        "text": "MÃE",
        "userDefined": false
      }
    ],
    "isTemplate": false,
    "count": 0,
    "lang": "pt-br",
    "updated": 0
  },
  {
    "id": "2d2e6352-5a22-4931-ada3-83e5e44a8c76",
    "data": [
      {
        "text": "MAE",
        "userDefined": false
      }
    ],
    "isTemplate": false,
    "count": 0,
    "lang": "pt-br",
    "updated": 0
  },
  {
    "id": "d593a8f7-17ee-4ef5-bde4-79eabee247e7",
    "data": [
      {
        "text": "A",
        "userDefined": false
      }
    ],
    "isTemplate": false,
    "count": 9,
    "lang": "pt-br",
    "updated": 0
  },
  {
    "id": "b14305a0-a6ad-499a-ab60-d01f3673dab9",
    "data": [
      {
        "text": "mãe",
        "userDefined": false
      }
    ],
    "isTemplate": false,
    "count": 3,
    "lang": "pt-br",
    "updated": 0
  },
  {
    "id": "6efff29d-d6bd-4e15-be4b-c305273963e3",
    "data": [
      {
        "text": "mae",
        "userDefined": false
      }
    ],
    "isTemplate": false,
    "count": 1,
    "lang": "pt-br",
    "updated": 0
  }
]