[
  {
    "id": "1c6cde6f-830c-4db1-81b5-defdaea2fd44",
    "data": [
      {
        "text": "mamadeira e peito",
        "meta": "@tema_aumento",
        "alias": "tema-aumento",
        "userDefined": true
      }
    ],
    "isTemplate": false,
    "count": 0,
    "lang": "pt-br",
    "updated": 0
  },
  {
    "id": "fc85f35d-9bad-4708-bca0-613b15a55d23",
    "data": [
      {
        "text": "Dou mamadeira e peito regularmente",
        "meta": "@tema_aumento",
        "alias": "tema-aumento",
        "userDefined": false
      }
    ],
    "isTemplate": false,
    "count": 0,
    "lang": "pt-br",
    "updated": 0
  },
  {
    "id": "c8edb6fe-d8e2-4a09-a66c-7b0f38fa7bd1",
    "data": [
      {
        "text": "D",
        "userDefined": false
      }
    ],
    "isTemplate": false,
    "count": 0,
    "lang": "pt-br",
    "updated": 0
  },
  {
    "id": "a3c2846f-8458-49af-a627-b3dcb036b208",
    "data": [
      {
        "text": "C",
        "meta": "@tema_aumento",
        "alias": "tema-aumento",
        "userDefined": false
      }
    ],
    "isTemplate": false,
    "count": 0,
    "lang": "pt-br",
    "updated": 0
  },
  {
    "id": "12507f98-ea13-4961-97bb-678b6ec6853c",
    "data": [
      {
        "text": "B",
        "meta": "@tema_aumento",
        "alias": "tema-aumento",
        "userDefined": false
      }
    ],
    "isTemplate": false,
    "count": 0,
    "lang": "pt-br",
    "updated": 0
  },
  {
    "id": "3767c3e1-b1ed-42a7-b5cb-747408a6295b",
    "data": [
      {
        "text": "dou na ",
        "userDefined": false
      },
      {
        "text": "mamadeira quando preciso sair",
        "meta": "@tema_aumento",
        "alias": "tema-aumento",
        "userDefined": false
      }
    ],
    "isTemplate": false,
    "count": 0,
    "lang": "pt-br",
    "updated": 0
  },
  {
    "id": "41686ce6-a473-4a5c-b558-5165d12a9f86",
    "data": [
      {
        "text": "A",
        "meta": "@tema_aumento",
        "alias": "tema-aumento",
        "userDefined": false
      }
    ],
    "isTemplate": false,
    "count": 0,
    "lang": "pt-br",
    "updated": 0
  },
  {
    "id": "54451af3-1283-416f-a1eb-6e52f57a6d9f",
    "data": [
      {
        "text": "somente no peito",
        "meta": "@tema_aumento",
        "alias": "tema-aumento",
        "userDefined": false
      }
    ],
    "isTemplate": false,
    "count": 0,
    "lang": "pt-br",
    "updated": 0
  },
  {
    "id": "74098315-51a0-4d8f-b762-907b8e3d12e8",
    "data": [
      {
        "text": "amamento somente no peito",
        "meta": "@tema_aumento",
        "alias": "tema-aumento",
        "userDefined": false
      }
    ],
    "isTemplate": false,
    "count": 0,
    "lang": "pt-br",
    "updated": 0
  }
]